<annotation>
	<folder>fine</folder>
	<filename>fine.598d3765-bb54-11ee-abd5-2cdb079ec43c.jpg</filename>
	<path>D:\Projects\TFODCourse\Tensorflow\workspace\images\collectedimages\fine\fine.598d3765-bb54-11ee-abd5-2cdb079ec43c.jpg</path>
	<source>
		<database>Unknown</database>
	</source>
	<size>
		<width>640</width>
		<height>480</height>
		<depth>3</depth>
	</size>
	<segmented>0</segmented>
	<object>
		<name>Fine</name>
		<pose>Unspecified</pose>
		<truncated>1</truncated>
		<difficult>0</difficult>
		<bndbox>
			<xmin>324</xmin>
			<ymin>322</ymin>
			<xmax>394</xmax>
			<ymax>480</ymax>
		</bndbox>
	</object>
</annotation>
