<annotation>
	<folder>fine</folder>
	<filename>fine.7d7a429e-bb54-11ee-8cfd-2cdb079ec43c.jpg</filename>
	<path>D:\Projects\TFODCourse\Tensorflow\workspace\images\collectedimages\fine\fine.7d7a429e-bb54-11ee-8cfd-2cdb079ec43c.jpg</path>
	<source>
		<database>Unknown</database>
	</source>
	<size>
		<width>640</width>
		<height>480</height>
		<depth>3</depth>
	</size>
	<segmented>0</segmented>
	<object>
		<name>Fine</name>
		<pose>Unspecified</pose>
		<truncated>0</truncated>
		<difficult>0</difficult>
		<bndbox>
			<xmin>319</xmin>
			<ymin>300</ymin>
			<xmax>405</xmax>
			<ymax>478</ymax>
		</bndbox>
	</object>
</annotation>
