<annotation>
	<folder>food</folder>
	<filename>food.5b4212bc-bc8c-11ee-8eeb-c117c6a84c10.jpg</filename>
	<path>C:\Ankita_asl_words\TFODCourse\Tensorflow\workspace\images\collectedimages\food\food.5b4212bc-bc8c-11ee-8eeb-c117c6a84c10.jpg</path>
	<source>
		<database>Unknown</database>
	</source>
	<size>
		<width>640</width>
		<height>480</height>
		<depth>3</depth>
	</size>
	<segmented>0</segmented>
	<object>
		<name>food</name>
		<pose>Unspecified</pose>
		<truncated>0</truncated>
		<difficult>0</difficult>
		<bndbox>
			<xmin>361</xmin>
			<ymin>177</ymin>
			<xmax>479</xmax>
			<ymax>315</ymax>
		</bndbox>
	</object>
</annotation>
