<annotation>
	<folder>good</folder>
	<filename>good.9fb95856-bbb5-11ee-bf98-7e09ada021c9.jpg</filename>
	<path>/Users/shaimahaque/Downloads/ImageCollection_asl/Tensorflow/workspace/images/collectedimages/good/good.9fb95856-bbb5-11ee-bf98-7e09ada021c9.jpg</path>
	<source>
		<database>Unknown</database>
	</source>
	<size>
		<width>1920</width>
		<height>1080</height>
		<depth>3</depth>
	</size>
	<segmented>0</segmented>
	<object>
		<name>Good</name>
		<pose>Unspecified</pose>
		<truncated>0</truncated>
		<difficult>0</difficult>
		<bndbox>
			<xmin>711</xmin>
			<ymin>9</ymin>
			<xmax>1348</xmax>
			<ymax>938</ymax>
		</bndbox>
	</object>
</annotation>
