<annotation>
	<folder>hello</folder>
	<filename>hello.c2e43ab1-bb52-11ee-89ad-2cdb079ec43c.jpg</filename>
	<path>D:\Projects\TFODCourse\Tensorflow\workspace\images\collectedimages\hello\hello.c2e43ab1-bb52-11ee-89ad-2cdb079ec43c.jpg</path>
	<source>
		<database>Unknown</database>
	</source>
	<size>
		<width>640</width>
		<height>480</height>
		<depth>3</depth>
	</size>
	<segmented>0</segmented>
	<object>
		<name>Hello</name>
		<pose>Unspecified</pose>
		<truncated>1</truncated>
		<difficult>0</difficult>
		<bndbox>
			<xmin>511</xmin>
			<ymin>230</ymin>
			<xmax>640</xmax>
			<ymax>401</ymax>
		</bndbox>
	</object>
</annotation>
