<annotation>
	<folder>hello</folder>
	<filename>hello.c5e9b3b6-bb52-11ee-8a24-2cdb079ec43c.jpg</filename>
	<path>D:\Projects\TFODCourse\Tensorflow\workspace\images\collectedimages\hello\hello.c5e9b3b6-bb52-11ee-8a24-2cdb079ec43c.jpg</path>
	<source>
		<database>Unknown</database>
	</source>
	<size>
		<width>640</width>
		<height>480</height>
		<depth>3</depth>
	</size>
	<segmented>0</segmented>
	<object>
		<name>Hello</name>
		<pose>Unspecified</pose>
		<truncated>1</truncated>
		<difficult>0</difficult>
		<bndbox>
			<xmin>505</xmin>
			<ymin>215</ymin>
			<xmax>640</xmax>
			<ymax>411</ymax>
		</bndbox>
	</object>
</annotation>
