<annotation>
	<folder>help</folder>
	<filename>help.0855a29c-bbb7-11ee-83ca-7e09ada021c9.jpg</filename>
	<path>/Users/shaimahaque/Downloads/ImageCollection_asl/Tensorflow/workspace/images/collectedimages/help/help.0855a29c-bbb7-11ee-83ca-7e09ada021c9.jpg</path>
	<source>
		<database>Unknown</database>
	</source>
	<size>
		<width>1920</width>
		<height>1080</height>
		<depth>3</depth>
	</size>
	<segmented>0</segmented>
	<object>
		<name>Help</name>
		<pose>Unspecified</pose>
		<truncated>0</truncated>
		<difficult>0</difficult>
		<bndbox>
			<xmin>658</xmin>
			<ymin>105</ymin>
			<xmax>1285</xmax>
			<ymax>1079</ymax>
		</bndbox>
	</object>
</annotation>
