<annotation>
	<folder>how</folder>
	<filename>how.f1cc235f-bc8c-11ee-aa3c-c117c6a84c10.jpg</filename>
	<path>C:\Ankita_asl_words\TFODCourse\Tensorflow\workspace\images\collectedimages\how\how.f1cc235f-bc8c-11ee-aa3c-c117c6a84c10.jpg</path>
	<source>
		<database>Unknown</database>
	</source>
	<size>
		<width>640</width>
		<height>480</height>
		<depth>3</depth>
	</size>
	<segmented>0</segmented>
	<object>
		<name>how</name>
		<pose>Unspecified</pose>
		<truncated>0</truncated>
		<difficult>0</difficult>
		<bndbox>
			<xmin>161</xmin>
			<ymin>358</ymin>
			<xmax>463</xmax>
			<ymax>477</ymax>
		</bndbox>
	</object>
</annotation>
