<annotation>
	<folder>hungry</folder>
	<filename>hungry.8558592a-bbb6-11ee-83ca-7e09ada021c9.jpg</filename>
	<path>/Users/shaimahaque/Downloads/ImageCollection_asl/Tensorflow/workspace/images/collectedimages/hungry/hungry.8558592a-bbb6-11ee-83ca-7e09ada021c9.jpg</path>
	<source>
		<database>Unknown</database>
	</source>
	<size>
		<width>1920</width>
		<height>1080</height>
		<depth>3</depth>
	</size>
	<segmented>0</segmented>
	<object>
		<name>Hungry</name>
		<pose>Unspecified</pose>
		<truncated>1</truncated>
		<difficult>0</difficult>
		<bndbox>
			<xmin>619</xmin>
			<ymin>155</ymin>
			<xmax>1328</xmax>
			<ymax>1080</ymax>
		</bndbox>
	</object>
</annotation>
