<annotation>
	<folder>i_love_you</folder>
	<filename>i_love_you.e2fc0439-bceb-11ee-bc51-346f24d13324.jpg</filename>
	<path>D:\image_detection_jo\TFODCourse\Tensorflow\workspace\images\collectedimages\i_love_you\i_love_you.e2fc0439-bceb-11ee-bc51-346f24d13324.jpg</path>
	<source>
		<database>Unknown</database>
	</source>
	<size>
		<width>640</width>
		<height>480</height>
		<depth>3</depth>
	</size>
	<segmented>0</segmented>
	<object>
		<name>I love you</name>
		<pose>Unspecified</pose>
		<truncated>0</truncated>
		<difficult>0</difficult>
		<bndbox>
			<xmin>352</xmin>
			<ymin>248</ymin>
			<xmax>524</xmax>
			<ymax>469</ymax>
		</bndbox>
	</object>
</annotation>
