<annotation>
	<folder>no</folder>
	<filename>no.0fb99cd5-bb54-11ee-90be-2cdb079ec43c.jpg</filename>
	<path>D:\Projects\TFODCourse\Tensorflow\workspace\images\collectedimages\no\no.0fb99cd5-bb54-11ee-90be-2cdb079ec43c.jpg</path>
	<source>
		<database>Unknown</database>
	</source>
	<size>
		<width>640</width>
		<height>480</height>
		<depth>3</depth>
	</size>
	<segmented>0</segmented>
	<object>
		<name>No</name>
		<pose>Unspecified</pose>
		<truncated>1</truncated>
		<difficult>0</difficult>
		<bndbox>
			<xmin>359</xmin>
			<ymin>426</ymin>
			<xmax>487</xmax>
			<ymax>480</ymax>
		</bndbox>
	</object>
</annotation>
