<annotation>
	<folder>no</folder>
	<filename>no.09bea1c7-bb54-11ee-b97a-2cdb079ec43c.jpg</filename>
	<path>D:\Projects\TFODCourse\Tensorflow\workspace\images\collectedimages\no\no.09bea1c7-bb54-11ee-b97a-2cdb079ec43c.jpg</path>
	<source>
		<database>Unknown</database>
	</source>
	<size>
		<width>640</width>
		<height>480</height>
		<depth>3</depth>
	</size>
	<segmented>0</segmented>
	<object>
		<name>No</name>
		<pose>Unspecified</pose>
		<truncated>0</truncated>
		<difficult>0</difficult>
		<bndbox>
			<xmin>345</xmin>
			<ymin>314</ymin>
			<xmax>545</xmax>
			<ymax>441</ymax>
		</bndbox>
	</object>
</annotation>
