<annotation>
	<folder>no</folder>
	<filename>no.0cbb4441-bb54-11ee-b47c-2cdb079ec43c.jpg</filename>
	<path>D:\Projects\TFODCourse\Tensorflow\workspace\images\collectedimages\no\no.0cbb4441-bb54-11ee-b47c-2cdb079ec43c.jpg</path>
	<source>
		<database>Unknown</database>
	</source>
	<size>
		<width>640</width>
		<height>480</height>
		<depth>3</depth>
	</size>
	<segmented>0</segmented>
	<object>
		<name>No</name>
		<pose>Unspecified</pose>
		<truncated>0</truncated>
		<difficult>0</difficult>
		<bndbox>
			<xmin>369</xmin>
			<ymin>331</ymin>
			<xmax>527</xmax>
			<ymax>442</ymax>
		</bndbox>
	</object>
</annotation>
