<annotation>
	<folder>no</folder>
	<filename>no.1eaf2ce9-bb54-11ee-9d9a-2cdb079ec43c.jpg</filename>
	<path>D:\Projects\TFODCourse\Tensorflow\workspace\images\collectedimages\no\no.1eaf2ce9-bb54-11ee-9d9a-2cdb079ec43c.jpg</path>
	<source>
		<database>Unknown</database>
	</source>
	<size>
		<width>640</width>
		<height>480</height>
		<depth>3</depth>
	</size>
	<segmented>0</segmented>
	<object>
		<name>No</name>
		<pose>Unspecified</pose>
		<truncated>0</truncated>
		<difficult>0</difficult>
		<bndbox>
			<xmin>100</xmin>
			<ymin>276</ymin>
			<xmax>290</xmax>
			<ymax>405</ymax>
		</bndbox>
	</object>
</annotation>
