<annotation>
	<folder>no</folder>
	<filename>no.d0a5920d-bb53-11ee-aaab-2cdb079ec43c.jpg</filename>
	<path>D:\Projects\TFODCourse\Tensorflow\workspace\images\collectedimages\no\no.d0a5920d-bb53-11ee-aaab-2cdb079ec43c.jpg</path>
	<source>
		<database>Unknown</database>
	</source>
	<size>
		<width>640</width>
		<height>480</height>
		<depth>3</depth>
	</size>
	<segmented>0</segmented>
	<object>
		<name>No</name>
		<pose>Unspecified</pose>
		<truncated>0</truncated>
		<difficult>0</difficult>
		<bndbox>
			<xmin>387</xmin>
			<ymin>295</ymin>
			<xmax>552</xmax>
			<ymax>420</ymax>
		</bndbox>
	</object>
</annotation>
