<annotation>
	<folder>no</folder>
	<filename>no.dfc8f7c4-bb53-11ee-94de-2cdb079ec43c.jpg</filename>
	<path>D:\Projects\TFODCourse\Tensorflow\workspace\images\collectedimages\no\no.dfc8f7c4-bb53-11ee-94de-2cdb079ec43c.jpg</path>
	<source>
		<database>Unknown</database>
	</source>
	<size>
		<width>640</width>
		<height>480</height>
		<depth>3</depth>
	</size>
	<segmented>0</segmented>
	<object>
		<name>No</name>
		<pose>Unspecified</pose>
		<truncated>0</truncated>
		<difficult>0</difficult>
		<bndbox>
			<xmin>146</xmin>
			<ymin>286</ymin>
			<xmax>282</xmax>
			<ymax>409</ymax>
		</bndbox>
	</object>
</annotation>
