<annotation>
	<folder>please</folder>
	<filename>please.5ecb9005-bceb-11ee-95d8-346f24d13324.jpg</filename>
	<path>D:\image_detection_jo\TFODCourse\Tensorflow\workspace\images\collectedimages\please\please.5ecb9005-bceb-11ee-95d8-346f24d13324.jpg</path>
	<source>
		<database>Unknown</database>
	</source>
	<size>
		<width>640</width>
		<height>480</height>
		<depth>3</depth>
	</size>
	<segmented>0</segmented>
	<object>
		<name>Please</name>
		<pose>Unspecified</pose>
		<truncated>0</truncated>
		<difficult>0</difficult>
		<bndbox>
			<xmin>292</xmin>
			<ymin>378</ymin>
			<xmax>459</xmax>
			<ymax>478</ymax>
		</bndbox>
	</object>
</annotation>
