<annotation>
	<folder>please</folder>
	<filename>please.64cf7767-bceb-11ee-bac6-346f24d13324.jpg</filename>
	<path>D:\image_detection_jo\TFODCourse\Tensorflow\workspace\images\collectedimages\please\please.64cf7767-bceb-11ee-bac6-346f24d13324.jpg</path>
	<source>
		<database>Unknown</database>
	</source>
	<size>
		<width>640</width>
		<height>480</height>
		<depth>3</depth>
	</size>
	<segmented>0</segmented>
	<object>
		<name>Please</name>
		<pose>Unspecified</pose>
		<truncated>0</truncated>
		<difficult>0</difficult>
		<bndbox>
			<xmin>259</xmin>
			<ymin>325</ymin>
			<xmax>393</xmax>
			<ymax>436</ymax>
		</bndbox>
	</object>
</annotation>
