<annotation>
	<folder>please</folder>
	<filename>please.639b8e42-bceb-11ee-8784-346f24d13324.jpg</filename>
	<path>D:\image_detection_jo\TFODCourse\Tensorflow\workspace\images\collectedimages\please\please.639b8e42-bceb-11ee-8784-346f24d13324.jpg</path>
	<source>
		<database>Unknown</database>
	</source>
	<size>
		<width>640</width>
		<height>480</height>
		<depth>3</depth>
	</size>
	<segmented>0</segmented>
	<object>
		<name>Please</name>
		<pose>Unspecified</pose>
		<truncated>0</truncated>
		<difficult>0</difficult>
		<bndbox>
			<xmin>268</xmin>
			<ymin>322</ymin>
			<xmax>407</xmax>
			<ymax>441</ymax>
		</bndbox>
	</object>
</annotation>
