<annotation>
	<folder>please</folder>
	<filename>please.7bab810c-bceb-11ee-82c1-346f24d13324.jpg</filename>
	<path>D:\image_detection_jo\TFODCourse\Tensorflow\workspace\images\collectedimages\please\please.7bab810c-bceb-11ee-82c1-346f24d13324.jpg</path>
	<source>
		<database>Unknown</database>
	</source>
	<size>
		<width>640</width>
		<height>480</height>
		<depth>3</depth>
	</size>
	<segmented>0</segmented>
	<object>
		<name>Please</name>
		<pose>Unspecified</pose>
		<truncated>0</truncated>
		<difficult>0</difficult>
		<bndbox>
			<xmin>267</xmin>
			<ymin>333</ymin>
			<xmax>408</xmax>
			<ymax>449</ymax>
		</bndbox>
	</object>
</annotation>
