<annotation>
	<folder>please</folder>
	<filename>please.5c61498e-bceb-11ee-9035-346f24d13324.jpg</filename>
	<path>D:\image_detection_jo\TFODCourse\Tensorflow\workspace\images\collectedimages\please\please.5c61498e-bceb-11ee-9035-346f24d13324.jpg</path>
	<source>
		<database>Unknown</database>
	</source>
	<size>
		<width>640</width>
		<height>480</height>
		<depth>3</depth>
	</size>
	<segmented>0</segmented>
	<object>
		<name>Please</name>
		<pose>Unspecified</pose>
		<truncated>0</truncated>
		<difficult>0</difficult>
		<bndbox>
			<xmin>301</xmin>
			<ymin>345</ymin>
			<xmax>455</xmax>
			<ymax>470</ymax>
		</bndbox>
	</object>
</annotation>
