<annotation>
	<folder>thankyou</folder>
	<filename>thankyou.491a71eb-bb53-11ee-ae6e-2cdb079ec43c.jpg</filename>
	<path>D:\Projects\TFODCourse\Tensorflow\workspace\images\collectedimages\thankyou\thankyou.491a71eb-bb53-11ee-ae6e-2cdb079ec43c.jpg</path>
	<source>
		<database>Unknown</database>
	</source>
	<size>
		<width>640</width>
		<height>480</height>
		<depth>3</depth>
	</size>
	<segmented>0</segmented>
	<object>
		<name>Thankyou</name>
		<pose>Unspecified</pose>
		<truncated>1</truncated>
		<difficult>0</difficult>
		<bndbox>
			<xmin>197</xmin>
			<ymin>348</ymin>
			<xmax>382</xmax>
			<ymax>480</ymax>
		</bndbox>
	</object>
</annotation>
