<annotation>
	<folder>thankyou</folder>
	<filename>thankyou.4c2393bc-bb53-11ee-8062-2cdb079ec43c.jpg</filename>
	<path>D:\Projects\TFODCourse\Tensorflow\workspace\images\collectedimages\thankyou\thankyou.4c2393bc-bb53-11ee-8062-2cdb079ec43c.jpg</path>
	<source>
		<database>Unknown</database>
	</source>
	<size>
		<width>640</width>
		<height>480</height>
		<depth>3</depth>
	</size>
	<segmented>0</segmented>
	<object>
		<name>Thankyou</name>
		<pose>Unspecified</pose>
		<truncated>1</truncated>
		<difficult>0</difficult>
		<bndbox>
			<xmin>194</xmin>
			<ymin>358</ymin>
			<xmax>376</xmax>
			<ymax>480</ymax>
		</bndbox>
	</object>
</annotation>
