<annotation>
	<folder>thankyou</folder>
	<filename>thankyou.220b4a73-bb53-11ee-9eb7-2cdb079ec43c.jpg</filename>
	<path>D:\Projects\TFODCourse\Tensorflow\workspace\images\collectedimages\thankyou\thankyou.220b4a73-bb53-11ee-9eb7-2cdb079ec43c.jpg</path>
	<source>
		<database>Unknown</database>
	</source>
	<size>
		<width>640</width>
		<height>480</height>
		<depth>3</depth>
	</size>
	<segmented>0</segmented>
	<object>
		<name>Thankyou</name>
		<pose>Unspecified</pose>
		<truncated>0</truncated>
		<difficult>0</difficult>
		<bndbox>
			<xmin>247</xmin>
			<ymin>342</ymin>
			<xmax>533</xmax>
			<ymax>479</ymax>
		</bndbox>
	</object>
</annotation>
