<annotation>
	<folder>thankyou</folder>
	<filename>thankyou.2e0df4a6-bb53-11ee-859e-2cdb079ec43c.jpg</filename>
	<path>D:\Projects\TFODCourse\Tensorflow\workspace\images\collectedimages\thankyou\thankyou.2e0df4a6-bb53-11ee-859e-2cdb079ec43c.jpg</path>
	<source>
		<database>Unknown</database>
	</source>
	<size>
		<width>640</width>
		<height>480</height>
		<depth>3</depth>
	</size>
	<segmented>0</segmented>
	<object>
		<name>Thankyou</name>
		<pose>Unspecified</pose>
		<truncated>1</truncated>
		<difficult>0</difficult>
		<bndbox>
			<xmin>383</xmin>
			<ymin>372</ymin>
			<xmax>536</xmax>
			<ymax>480</ymax>
		</bndbox>
	</object>
</annotation>
