<annotation>
	<folder>thankyou</folder>
	<filename>thankyou.1f0e5300-bb53-11ee-a63f-2cdb079ec43c.jpg</filename>
	<path>D:\Projects\TFODCourse\Tensorflow\workspace\images\collectedimages\thankyou\thankyou.1f0e5300-bb53-11ee-a63f-2cdb079ec43c.jpg</path>
	<source>
		<database>Unknown</database>
	</source>
	<size>
		<width>640</width>
		<height>480</height>
		<depth>3</depth>
	</size>
	<segmented>0</segmented>
	<object>
		<name>Thankyou</name>
		<pose>Unspecified</pose>
		<truncated>0</truncated>
		<difficult>0</difficult>
		<bndbox>
			<xmin>253</xmin>
			<ymin>336</ymin>
			<xmax>528</xmax>
			<ymax>476</ymax>
		</bndbox>
	</object>
</annotation>
