<annotation>
	<folder>thankyou</folder>
	<filename>thankyou.4f1f8faa-bb53-11ee-801a-2cdb079ec43c.jpg</filename>
	<path>D:\Projects\TFODCourse\Tensorflow\workspace\images\collectedimages\thankyou\thankyou.4f1f8faa-bb53-11ee-801a-2cdb079ec43c.jpg</path>
	<source>
		<database>Unknown</database>
	</source>
	<size>
		<width>640</width>
		<height>480</height>
		<depth>3</depth>
	</size>
	<segmented>0</segmented>
	<object>
		<name>Thankyou</name>
		<pose>Unspecified</pose>
		<truncated>0</truncated>
		<difficult>0</difficult>
		<bndbox>
			<xmin>205</xmin>
			<ymin>332</ymin>
			<xmax>546</xmax>
			<ymax>469</ymax>
		</bndbox>
	</object>
</annotation>
