<annotation>
	<folder>what</folder>
	<filename>what.98e00b0d-bc8c-11ee-914f-c117c6a84c10.jpg</filename>
	<path>C:\Ankita_asl_words\TFODCourse\Tensorflow\workspace\images\collectedimages\what\what.98e00b0d-bc8c-11ee-914f-c117c6a84c10.jpg</path>
	<source>
		<database>Unknown</database>
	</source>
	<size>
		<width>640</width>
		<height>480</height>
		<depth>3</depth>
	</size>
	<segmented>0</segmented>
	<object>
		<name>what</name>
		<pose>Unspecified</pose>
		<truncated>1</truncated>
		<difficult>0</difficult>
		<bndbox>
			<xmin>44</xmin>
			<ymin>406</ymin>
			<xmax>635</xmax>
			<ymax>480</ymax>
		</bndbox>
	</object>
</annotation>
