<annotation>
	<folder>what</folder>
	<filename>what.9191c689-bc8c-11ee-a329-c117c6a84c10.jpg</filename>
	<path>C:\Ankita_asl_words\TFODCourse\Tensorflow\workspace\images\collectedimages\what\what.9191c689-bc8c-11ee-a329-c117c6a84c10.jpg</path>
	<source>
		<database>Unknown</database>
	</source>
	<size>
		<width>640</width>
		<height>480</height>
		<depth>3</depth>
	</size>
	<segmented>0</segmented>
	<object>
		<name>what</name>
		<pose>Unspecified</pose>
		<truncated>1</truncated>
		<difficult>0</difficult>
		<bndbox>
			<xmin>10</xmin>
			<ymin>382</ymin>
			<xmax>626</xmax>
			<ymax>480</ymax>
		</bndbox>
	</object>
</annotation>
