<annotation>
	<folder>who</folder>
	<filename>who.cb65784a-bc8c-11ee-8ef1-c117c6a84c10.jpg</filename>
	<path>C:\Ankita_asl_words\TFODCourse\Tensorflow\workspace\images\collectedimages\who\who.cb65784a-bc8c-11ee-8ef1-c117c6a84c10.jpg</path>
	<source>
		<database>Unknown</database>
	</source>
	<size>
		<width>640</width>
		<height>480</height>
		<depth>3</depth>
	</size>
	<segmented>0</segmented>
	<object>
		<name>who</name>
		<pose>Unspecified</pose>
		<truncated>0</truncated>
		<difficult>0</difficult>
		<bndbox>
			<xmin>295</xmin>
			<ymin>271</ymin>
			<xmax>450</xmax>
			<ymax>441</ymax>
		</bndbox>
	</object>
</annotation>
