<annotation>
	<folder>who</folder>
	<filename>who.c41340d9-bc8c-11ee-88b2-c117c6a84c10.jpg</filename>
	<path>C:\Ankita_asl_words\TFODCourse\Tensorflow\workspace\images\collectedimages\who\who.c41340d9-bc8c-11ee-88b2-c117c6a84c10.jpg</path>
	<source>
		<database>Unknown</database>
	</source>
	<size>
		<width>640</width>
		<height>480</height>
		<depth>3</depth>
	</size>
	<segmented>0</segmented>
	<object>
		<name>who</name>
		<pose>Unspecified</pose>
		<truncated>0</truncated>
		<difficult>0</difficult>
		<bndbox>
			<xmin>337</xmin>
			<ymin>274</ymin>
			<xmax>506</xmax>
			<ymax>431</ymax>
		</bndbox>
	</object>
</annotation>
