<annotation>
	<folder>yes</folder>
	<filename>yes.7dd16313-bb53-11ee-97cf-2cdb079ec43c.jpg</filename>
	<path>D:\Projects\TFODCourse\Tensorflow\workspace\images\collectedimages\yes\yes.7dd16313-bb53-11ee-97cf-2cdb079ec43c.jpg</path>
	<source>
		<database>Unknown</database>
	</source>
	<size>
		<width>640</width>
		<height>480</height>
		<depth>3</depth>
	</size>
	<segmented>0</segmented>
	<object>
		<name>Yes</name>
		<pose>Unspecified</pose>
		<truncated>0</truncated>
		<difficult>0</difficult>
		<bndbox>
			<xmin>411</xmin>
			<ymin>349</ymin>
			<xmax>560</xmax>
			<ymax>427</ymax>
		</bndbox>
	</object>
</annotation>
