<annotation>
	<folder>good</folder>
	<filename>good.5ea48de4-bbb6-11ee-83ca-7e09ada021c9.jpg</filename>
	<path>/Users/shaimahaque/Downloads/ImageCollection_asl/Tensorflow/workspace/images/collectedimages/good/good.5ea48de4-bbb6-11ee-83ca-7e09ada021c9.jpg</path>
	<source>
		<database>Unknown</database>
	</source>
	<size>
		<width>1920</width>
		<height>1080</height>
		<depth>3</depth>
	</size>
	<segmented>0</segmented>
	<object>
		<name>Good</name>
		<pose>Unspecified</pose>
		<truncated>0</truncated>
		<difficult>0</difficult>
		<bndbox>
			<xmin>593</xmin>
			<ymin>125</ymin>
			<xmax>1347</xmax>
			<ymax>1079</ymax>
		</bndbox>
	</object>
</annotation>
