<annotation>
	<folder>help</folder>
	<filename>help.efb158c6-bbb6-11ee-83ca-7e09ada021c9.jpg</filename>
	<path>/Users/shaimahaque/Downloads/ImageCollection_asl/Tensorflow/workspace/images/collectedimages/help/help.efb158c6-bbb6-11ee-83ca-7e09ada021c9.jpg</path>
	<source>
		<database>Unknown</database>
	</source>
	<size>
		<width>1920</width>
		<height>1080</height>
		<depth>3</depth>
	</size>
	<segmented>0</segmented>
	<object>
		<name>Help</name>
		<pose>Unspecified</pose>
		<truncated>0</truncated>
		<difficult>0</difficult>
		<bndbox>
			<xmin>528</xmin>
			<ymin>127</ymin>
			<xmax>1172</xmax>
			<ymax>1071</ymax>
		</bndbox>
	</object>
</annotation>
